SynapseID,ModifiedOn
syn32698134,2024-02-26T14:46:54.720Z
syn43447092,2024-02-26T14:47:39.196Z
syn53212982,2024-02-26T14:46:54.030Z
syn32698203,2024-02-26T14:47:38.666Z
syn53212957,2024-02-26T14:46:31.684Z
syn32698251,2024-02-26T14:47:35.820Z
syn32698091,2024-02-26T14:46:53.760Z
syn32698310,2024-02-26T14:47:37.284Z
syn32698119,2024-02-26T14:46:49.868Z
syn32698198,2024-02-26T14:47:36.292Z
syn53212952,2024-02-26T14:46:45.137Z
syn35270525,2024-02-26T14:47:19.467Z
syn32698467,2024-02-26T14:46:53.914Z
syn32698071,2024-02-26T14:47:38.124Z
syn35270603,2024-02-26T14:46:49.802Z
nan,ERROR
syn32698166,2024-02-26T14:47:39.194Z
syn32698150,2024-02-26T14:48:38.458Z
syn32698278,2024-02-26T14:48:05.223Z
syn32698517,2024-02-26T14:49:02.119Z
syn35270477,2024-02-26T14:48:16.323Z
syn32698012,2024-02-26T14:49:01.119Z
syn32698037,2024-02-26T14:48:34.064Z
syn35270510,2024-02-26T14:49:13.901Z
syn32698362,2024-02-26T14:48:31.557Z
syn32698345,2024-02-26T14:49:12.318Z
syn32698472,2024-02-26T14:48:38.628Z
syn32698493,2024-02-26T14:49:35.334Z
syn32698080,2024-02-26T14:48:40.661Z
syn32698008,2024-02-26T14:49:36.714Z
syn32698104,2024-02-26T14:48:40.695Z
syn32698024,2024-02-26T14:49:36.976Z
syn35270515,2024-02-26T14:49:39.807Z
